{
  "norm_stats": {
    "state": {
      "mean": [
        0.057579945772886276,
        0.1203814223408699,
        0.6596845388412476,
        3.4444406032562256,
        -0.2618640959262848,
        -0.21293537318706512,
        0.029792048037052155,
        -0.02928486280143261
      ],
      "std": [
        0.11851785331964493,
        0.25911402702331543,
        0.13363081216812134,
        0.7316604256629944,
        0.7072287797927856,
        0.714888870716095,
        0.011492644436657429,
        0.011954185552895069
      ],
      "q01": [
        -0.26696193087100983,
        -0.3315812641143799,
        0.4330620162248611,
        2.4130440216064453,
        -2.440420254468918,
        -2.438555856871605,
        0.0009913800440263004,
        -0.04030201235041022
      ],
      "q99": [
        0.2316728182435036,
        0.4920384922266007,
        0.9957769230604172,
        4.715339389801025,
        0.0312793905735016,
        1.19625708732605,
        0.04001485159364529,
        -0.00009663871675728852
      ]
    },
    "actions": {
      "mean": [
        0.0117946220561862,
        0.021877555176615715,
        0.016275659203529358,
        0.003862112294882536,
        0.0016387221403419971,
        -0.0011812068987637758,
        0.01756662130355835
      ],
      "std": [
        0.18288609385490417,
        0.35188499093055725,
        0.29795607924461365,
        0.11889057606458664,
        0.10831473767757416,
        0.07585164904594421,
        0.9996198415756226
      ],
      "q01": [
        -0.9796,
        -1.0,
        -1.0,
        -0.5,
        -0.5001200099349021,
        -0.3678399958133697,
        -1.0
      ],
      "q99": [
        0.7444000000000002,
        0.9996,
        0.9996,
        0.5,
        0.4999599966883661,
        0.2650400083780289,
        0.9997999999999998
      ]
    }
  }
}